users_filename,accounts,account_languages,account_languages_filename,total_follower_count,total_following_count,users_information_size,entry_date,release_date,attributed_country,affiliation,target_countries,tweet_media_size,description,urls,tweets_filename,total_quote_count,total_reply_count,total_like_count,total_retweet_count,tweets_count,hashtags,hashtags_filename,domains,domains_filename,tweets_from,tweets_from_filename,tweet_languages,tweet_languages_filename,first_tweet,last_tweet,tweets_information_size
ira_users_csv_hashed.csv,3608,"{""en"":2382,""ru"":1039,""de"":111,""ar"":28,""en-gb"":15,""fr"":11,""es"":8,""it"":7,""zh-cn"":3,""id"":2,""uk"":2}",2018_10_ira_users_account_languages.csv,6278790.0,2980059.0,974704,26/01/2020,2018_10,Russia,,,,,,ira_tweets_csv_hashed.csv,1782118.0,2524867.0,36066034.0,31147590.0,8768633,"{""news"":247563,""sports"":99152,""politics"":77552,""\u0421\u041f\u0431"":65248,""\u043d\u043e\u0432\u043e\u0441\u0442\u0438"":62742,""local"":54701,""\u0420\u043e\u0441\u0441\u0438\u044f"":35877,""\u0420\u0443\u0441\u0441\u043a\u0438\u0439\u0414\u0443\u0445"":29508,""world"":29322,""business"":27151,""\u041d\u0435\u0432\u0441\u043a\u0438\u0435\u041d\u043e\u0432\u043e\u0441\u0442\u0438"":24876,""Chicago"":23814,""MAGA"":23681,""health"":22366,""\u041f\u0440\u043e\u0432\u043e\u043a\u0430\u0446\u0438\u044f\u041a\u0438\u0435\u0432\u0430"":22349,""\u041a\u0438\u0435\u0432\u0421\u0431\u0438\u043b\u0411\u043e\u0438\u043d\u0433"":22116,""\u041a\u0438\u0435\u0432\u0421\u043a\u0430\u0436\u0438\u041f\u0440\u0430\u0432\u0434\u0443"":21996,""\u0423\u043a\u0440\u0430\u0438\u043d\u0430"":20743,""love"":18719,""breaking"":17890,""USA"":17857,""TopNews"":16558,""\u041e\u0431\u0440\u0430\u0437\u0420\u043e\u0441\u0441\u0438\u0438"":14899,""BlackLivesMatter"":14556,""true"":13890}",2018_10_ira_tweets_hashtags.csv,"{""bit.ly"":973986,""livejournal.com"":467503,""riafan.ru"":428794,""twitter.com"":185673,""goo.gl"":156108,""dlvr.it"":140879,""gazeta.ru"":127342,""j.mp"":105546,""rt.com"":79029,""ift.tt"":62331,""youtu.be"":60524,""vesti.ru"":51554,""nevnov.ru"":50332,""kiev-news.com"":44583,""youtube.com"":44472,""kievsmi.net"":42549,""ria.ru"":39555,""inforeactor.ru"":39280,""tass.ru"":29836,""emaidan.com.ua"":29081,""vk.com"":29037,""losefattips.pw"":26885,""instagram.com"":25824,""vine.co"":23984,""vk.cc"":23378}",2018_10_ira_tweets_domains.csv,{},2018_10_ira_tweets_countries.csv,"{""ru"":4853185,""en"":2997181,""und"":229392,""de"":98460,""uk"":82237,""bg"":54690,""ar"":37241,""it"":20136,""fr"":12241,""es"":11922,""in"":9523,""sr"":8045,""tl"":6618,""ht"":6170,""et"":5847,""tr"":3832,""sk"":3343,""nl"":3151,""da"":2987,""ro"":2980,""pt"":2698,""ja"":2653,""cy"":2591,""sl"":2307,""pl"":1804,""sv"":1759,""fi"":1611,""no"":1500,""lt"":1340,""cs"":1037,""bs"":615,""lv"":505,""hu"":499,""id"":466,""hi"":307,""hr"":297,""ko"":288,""vi"":283,""is"":268,""eu"":223,""zh"":56,""iw"":56,""th"":40,""fa"":37,""el"":35,""hy"":23,""ur"":17,""ne"":7,""si"":5,""ta"":4,""bn"":3,""km"":3,""he"":2,""ml"":2,""mr"":2,""ug"":1,""iu"":1,""ps"":1}",2018_10_ira_tweets_languages.csv,2009-05-09 15:59,2018-06-21 14:32,5427044754
iranian_users_csv_hashed.csv,770,"{""en"":646,""ar"":72,""fa"":21,""es"":10,""tr"":10,""en-gb"":7,""fr"":3,""ru"":1}",2018_10_iranian_users_account_languages.csv,862003.0,805550.0,233485,26/01/2020,2018_10,Iran,,,,,,iranian_tweets_csv_hashed.csv,47081.0,164128.0,1517593.0,828536.0,1122936,"{""Iran"":11481,""Trump"":8480,""Israel"":6736,""\u0627\u0644\u0633\u0639\u0648\u062f\u064a\u0629"":6571,""Yemen"":5376,""FreePalestine"":5066,""QudsDay4Return"":4567,""US"":4550,""realiran"":4057,""ISIS"":4044,""DeleteIsrael"":3814,""Palestine"":3719,""Syria"":3483,""Saudi"":3284,""EEUU"":3248,""Gaza"":3144,""SaudiArabia"":2949,""Iuvm"":2892,""InternationalQudsDay2018"":2815,""Realiran"":2701,""News"":2630,""IranTalks"":2571,""QudsDay2018"":2519,""Press"":2497,""SavePalestine"":2448}",2018_10_iranian_tweets_hashtags.csv,"{""awdnews.com"":329502,""dlvr.it"":79787,""fb.me"":54328,""whatsupic.com"":47131,""goo.gl"":44252,""realnienovosti.com"":24502,""twitter.com"":19268,""libertyfrontpress.com"":18071,""iuvmpress.com"":16874,""buff.ly"":15698,""7sabah.com"":14775,""bit.ly"":13701,""documentinterdit.com"":11819,""facebook.com"":9438,""al-hadath24.com"":8291,""jordan-times.com"":8263,""iuvmonline.com"":7470,""youtu.be"":7338,""alwaght.com"":5852,""ift.tt"":5652,""realiran.org"":5401,""tinyurl.com"":5394,""toonsonline.net"":4732,""al-saudia.net"":4086,""hourriya-tagheer.org"":3475}",2018_10_iranian_tweets_domains.csv,"{""IR"":26,""US"":5,""PS"":1}",2018_10_iranian_tweets_countries.csv,"{""fr"":323801,""en"":276946,""ar"":154326,""tr"":92466,""fa"":92206,""es"":65244,""und"":42750,""ru"":40796,""ur"":4578,""ro"":4471,""ps"":4306,""hi"":4264,""in"":2051,""de"":1507,""fi"":1004,""pt"":976,""tl"":605,""cy"":564,""et"":514,""da"":475,""ht"":443,""uk"":384,""it"":382,""bs"":276,""bg"":250,""nl"":195,""ca"":184,""sv"":151,""vi"":131,""eu"":128,""sl"":125,""id"":117,""no"":111,""pl"":107,""cs"":85,""ja"":67,""hu"":64,""sk"":42,""ne"":31,""lv"":30,""lt"":28,""is"":25,""sd"":17,""sr"":16,""iw"":15,""hr"":12,""th"":11,""mr"":10,""el"":10,""ko"":5,""zh"":5}",2018_10_iranian_tweets_languages.csv,2010-12-26 18:31,2018-08-28 11:34,699663227
bangladesh_201901_1_users_csv_hashed.csv,15,"{""en"":15}",2019_01_bangladesh_201901_1_users_account_languages.csv,6793.0,1686.0,3522,26/01/2020,2019_01,Bengladesh,,,,,,bangladesh_linked_tweets_csv_hashed.csv,13.0,228.0,7301.0,1482.0,26212,"{""Bangladesh"":898,""SheikhHasina"":186,""Sarabangla"":129,""FreeTanvir"":88,""WorldCup2018"":84,""WorldCup"":81,""\u09b8\u09be\u09b0\u09be\u09ac\u09be\u0982\u09b2\u09be"":75,""BNP"":60,""BNPJamaat"":56,""Bangabandhu"":32,""Terrorism"":29,""India"":27,""Jamaat"":24,""ThanksHasina"":22,""China"":22,""terrorism"":22,""Brazil"":22,""DigitalBangladesh"":21,""InSheikhHasinaWeTrust"":19,""DontSplitTestCricket"":18,""Sheikh_Hasina"":17,""KhaledaZia"":17,""Dhaka"":16,""\u09ac\u09bf\u098f\u09a8\u09aa\u09bf"":15,""ArrestKhaledazia"":15}",2019_01_bangladesh_linked_tweets_hashtags.csv,"{""sarabangla.net"":11438,""fb.me"":4712,""dlvr.it"":3226,""facebook.com"":714,""sejiltnvsopgs7laojrxwxg8gzlqzgarxteffneoui=.com"":598,""youtu.be"":509,""banglanews24.com"":486,""bit.ly"":417,""lnkd.in"":364,""goo.gl"":206,""shar.es"":149,""jugerchinta24.com"":119,""sylhetmail24.com"":113,""tiny.cc"":81,""bdnews24.com"":68,""youtube.com"":55,""dhakatribune.com"":51,""thedailystar.net"":43,""observerbd.com"":41,""shr.lc"":39,""dialoguebd.com"":31,""ow.ly"":28,""twitter.com"":22,""bd-pratidin.com"":22,""banglatribune.com"":22}",2019_01_bangladesh_linked_tweets_domains.csv,{},2019_01_bangladesh_linked_tweets_countries.csv,"{""bn"":20724,""en"":2481,""und"":1428,""ar"":273,""in"":35,""tl"":27,""et"":25,""fr"":17,""pl"":15,""ro"":10,""es"":9,""hi"":9,""ht"":9,""de"":7,""hu"":6,""sk"":5,""vi"":4,""it"":4,""id"":4,""nl"":3,""cy"":3,""sl"":3,""da"":2,""th"":2,""no"":1,""pt"":1,""ca"":1,""ja"":1}",2019_01_bangladesh_linked_tweets_languages.csv,2009-05-20 13:02,2018-12-20 10:51,18760665
iran_201901_1_users_csv_hashed.csv,2311,"{""en"":2127,""fa"":59,""id"":52,""ar"":46,""en-gb"":23,""de"":1,""el"":1,""es"":1,""tr"":1}",2019_01_iran_201901_1_users_account_languages.csv,2854474.0,2201366.0,520762,26/01/2020,2019_01,Iran,,,,,,iran_201901_1_tweets_csv_hashed.csv,166466.0,726020.0,14365224.0,4541489.0,4671959,"{""pakonlinenews"":24235,""Palestine"":18241,""Iran"":14289,""SachTimes"":14246,""Israel"":14202,""DeleteIsrael"":13421,""Gaza"":13056,""\u0627\u0644\u0633\u0639\u0648\u062f\u064a\u0629"":11105,""art"":10869,""FreePalestine"":10580,""nature"":9160,""science"":8825,""senpaiBot"":8686,""\u0627\u0644\u0646\u062c\u0645_\u0627\u0644\u062b\u0627\u0642\u0628"":8149,""BREAKING"":7670,""\u067e\u06cc\u0627\u0645_\u062d\u0633\u06cc\u0646"":7663,""Syria"":7249,""Yemen"":7220,""\u0627\u0644\u064a\u0645\u0646"":7158,""\u0631\u0648\u062d\u0627\u0646\u06cc"":7108,""Trump"":7011,""mukminindonesia"":6747,""WhyISupportIK"":6679,""\u0627\u0644\u0631\u0623\u064a_\u0627\u0644\u062a\u0648\u0646\u0633\u064a"":6593,""QudsDay4Return"":6268}",2019_01_iran_201901_1_tweets_hashtags.csv,"{""dlvr.it"":231021,""fb.me"":220330,""twitter.com"":147558,""bit.ly"":133693,""goo.gl"":73510,""ift.tt"":55925,""opiwi5innresnhsotdwg4fzrnvrlwgmbjjqnkfmmt7e=.com"":49936,""rt.com"":26743,""blogspot.com"":24520,""hindkhabar.in"":22877,""al-hadath24.com"":16801,""whatthebeep.in"":16626,""nilenetonline.com"":14422,""youtu.be"":13796,""qudspal.com"":11866,""nthnews.net"":11527,""hindkhabar.com"":11119,""buff.ly"":11078,""ptv.io"":10421,""sachtimes.com"":10328,""ow.ly"":9816,""opy6swsbp1v66kmbihl4fgvilo3gq0roaeqcmhyduxo=.com"":9622,""facebook.com"":9443,""libertyfrontpress.com"":8108,""tinyurl.com"":7012}",2019_01_iran_201901_1_tweets_domains.csv,{},2019_01_iran_201901_1_tweets_countries.csv,"{""en"":1492107,""ur"":1008514,""ar"":527137,""fa"":432298,""in"":312518,""hi"":266938,""und"":249228,""iw"":154260,""tr"":35828,""de"":30872,""fr"":28275,""es"":23172,""tl"":14976,""et"":10922,""pt"":5978,""ht"":5345,""it"":3285,""nl"":2851,""fi"":2680,""ro"":2517,""ckb"":2511,""pl"":2010,""da"":1942,""cy"":1629,""ps"":1429,""id"":1362,""sv"":1188,""th"":952,""ru"":742,""no"":706,""eu"":659,""cs"":655,""ja"":563,""vi"":561,""hu"":560,""sl"":455,""lv"":435,""ca"":418,""lt"":411,""ko"":357,""ne"":293,""mr"":241,""sd"":202,""is"":167,""zh"":105,""el"":83,""sk"":78,""gu"":44,""uk"":34,""bs"":32,""hr"":25,""bg"":24,""ta"":15,""pa"":14,""bn"":14,""sr"":10,""te"":8,""si"":5,""ml"":5,""ka"":3,""kn"":2,""am"":2,""my"":1,""ug"":1}",2019_01_iran_201901_1_tweets_languages.csv,2009-09-05 22:54,2018-11-28 14:52,2817545363
russia_201901_1_users_csv_hashed.csv,416,"{""en"":396,""fr"":8,""ru"":8,""es"":1,""id"":1,""ro"":1,""tr"":1}",2019_01_russia_201901_1_users_account_languages.csv,143786.0,111088.0,84508,26/01/2020,2019_01,Russia,,,,,,russian_linked_tweets_csv_hashed.csv,50723.0,44634.0,555233.0,349863.0,920761,"{""ReleaseTheMemo"":37569,""MAGA"":37414,""IslamIsTheProblem"":18226,""StopImportingIslam"":15163,""BanShariaLaw"":15027,""AmericaFirst"":11614,""QAnon"":11575,""tcot"":11473,""BanIslam"":10460,""WakeUpAmerica"":10085,""Trump2016"":8968,""Islam"":8812,""Trump"":8305,""MakeAmericaGreatAgain"":7907,""EducateYourselfOnIslam"":7802,""TrumpTrain"":6962,""BanTheQuran"":6961,""StopMakingExcusesForIslam"":6850,""ISIS"":6704,""BuildTheWall"":5775,""BanCAIRNational"":5576,""DrainTheSwamp"":5030,""STOPIslam"":4977,""SchumerShutdown"":4971,""ObamaGate"":4765}",2019_01_russian_linked_tweets_hashtags.csv,"{""twitter.com"":99027,""bit.ly"":20563,""youtu.be"":6628,""nyp.st"":5439,""youtube.com"":4621,""fxn.ws"":4535,""trib.al"":4140,""breitbart.com"":3952,""insidesyriamc.com"":3928,""ln.is"":3783,""truthfeednews.com"":3626,""foxnews.com"":3558,""ow.ly"":3274,""washex.am"":2845,""cnn.it"":2779,""fb.me"":2625,""nyti.ms"":2606,""goo.gl"":2477,""truthfeed.com"":2417,""dailym.ai"":2344,""buff.ly"":2158,""wordpress.com"":2146,""twimg.com"":1954,""thegatewaypundit.com"":1922,""ift.tt"":1907}",2019_01_russian_linked_tweets_domains.csv,{},2019_01_russian_linked_tweets_countries.csv,"{""en"":741655,""und"":149295,""fr"":8722,""ru"":7171,""ar"":1955,""es"":1538,""in"":1132,""tr"":909,""tl"":677,""de"":618,""ro"":547,""et"":457,""it"":399,""pt"":372,""ht"":327,""da"":318,""nl"":230,""sv"":215,""bg"":190,""no"":154,""pl"":150,""cy"":143,""uk"":95,""hu"":94,""fi"":89,""lt"":88,""ca"":82,""hi"":78,""sl"":66,""eu"":64,""cs"":60,""ja"":50,""sk"":43,""vi"":43,""lv"":40,""hr"":24,""el"":21,""is"":21,""bs"":18,""sr"":11,""iw"":6,""ko"":4,""ur"":4,""fa"":3,""zh"":3,""th"":1,""mr"":1,""id"":1}",2019_01_russian_linked_tweets_languages.csv,2010-08-03 12:39,2018-11-06 18:04,601661482
venezuela_201901_1_users_csv_hashed.csv,1196,"{""es"":1154,""en"":41,""pt"":1}",2019_01_venezuela_201901_1_users_account_languages.csv,2619318.0,1488469.0,242146,26/01/2020,2019_01,Venezuela,,,,,,venezuela_201901_1_tweets_csv_hashed.csv,246726.0,670215.0,2044354.0,8372181.0,8950562,"{""Noticias"":1061386,""RT"":448062,""News"":181388,""LegionFANB"":136218,""Android"":131392,""TROPA"":126974,""Mundo"":113547,""Tropa"":88987,""Lechuguinos"":75390,""LATAM"":72992,""Deportes"":67424,""siguemeytesigo"":49940,""Tecnologia"":48158,""Venezuela"":43653,""ActualidadRT"":40115,""ForoCandanga"":32408,""vzla"":31304,""deportes"":31205,""EnDebate"":28086,""EEUU"":27302,""ViveTv"":25534,""EnVivo"":24279,""VIDEO"":20620,""Tecnolog\u00eda"":20028,""Vzla"":19755}",2019_01_venezuela_201901_1_tweets_hashtags.csv,"{""dlvr.it"":3576434,""bit.ly"":762857,""twitter.com"":324561,""goo.gl"":262788,""ow.ly"":193659,""wp.me"":159866,""rt.com"":113794,""htv.mx"":79415,""youtu.be"":76948,""twibble.io"":76361,""twib.in"":55147,""avn.info.ve"":31318,""ift.tt"":30316,""twitpic.com"":28972,""youtube.com"":24790,""ln.is"":24754,""fb.me"":23358,""aporrea.org"":17898,""instagram.com"":14934,""is.gd"":13961,""tlsur.net"":8891,""blogspot.com"":8164,""minci.gob.ve"":8093,""correodelorinoco.gob.ve"":7526,""tumblr.com"":7211}",2019_01_venezuela_201901_1_tweets_domains.csv,{},2019_01_venezuela_201901_1_tweets_countries.csv,"{""es"":7787378,""und"":211213,""en"":156556,""pt"":38011,""it"":13060,""fr"":11127,""in"":5464,""de"":4451,""ro"":4323,""tl"":3568,""ht"":2843,""tr"":2554,""et"":2097,""hu"":1829,""ca"":1505,""ru"":1387,""nl"":1353,""eu"":1284,""pl"":1236,""sk"":1215,""cy"":1150,""ko"":1133,""id"":1106,""lt"":1098,""vi"":1031,""sv"":967,""ja"":893,""da"":889,""fi"":875,""no"":795,""sl"":710,""cs"":500,""ar"":467,""is"":431,""lv"":341,""bs"":185,""hr"":128,""hi"":122,""zh"":106,""el"":93,""uk"":79,""bg"":68,""th"":23,""ur"":22,""fa"":11,""iu"":10,""ka"":8,""sr"":7,""pa"":2,""lo"":1,""kn"":1,""he"":1,""gu"":1,""chr"":1}",2019_01_venezuela_201901_1_tweets_languages.csv,2010-01-11 20:17,2018-12-07 23:22,4763889002
venezuela_201901_2_users_csv_hashed.csv,755,"{""es"":732,""en"":23}",2019_01_venezuela_201901_2_users_account_languages.csv,334947.0,813271.0,223104,26/01/2020,2019_01,Venezuela,,,,,,venezuela_linked_tweets_csv_hashed.csv,25778.0,36120.0,236927.0,216972.0,984980,"{""top"":8278,""MAGA"":6322,""mar"":5317,""topl"":4619,""cic"":4483,""sted"":3504,""amb"":3142,""may"":2776,""th"":2232,""ste"":1817,""jud"":1719,""imo"":1584,""just"":1482,""marv"":1398,""vvmar"":1398,""jan"":1295,""ella"":1230,""ells"":1230,""clarri"":1174,""clar"":1173,""TrumpTrain"":1161,""cadens"":1158,""canden"":1158,""dannis"":1148,""danita"":1148}",2019_01_venezuela_linked_tweets_hashtags.csv,"{""viid.me"":430894,""ift.tt"":202542,""truthfeed.com"":51182,""twitter.com"":50548,""cnn.com"":25513,""zpr.io"":24899,""corneey.com"":17066,""theguardian.com"":14657,""clkmein.com"":14499,""waynedupree.com"":12088,""ceesty.com"":11290,""washingtontimes.com"":9905,""destyy.com"":6894,""hedgeaccordingly.com"":6386,""thetruthdivision.com"":5894,""sh.st"":5878,""gestyy.com"":2904,""spinzon.com"":2841,""goo.gl"":2210,""covfefe.bz"":2062,""usapoliticstoday.com"":2053,""ow.ly"":1997,""cnbc.com"":1912,""dlvr.it"":1774,""foxnews.com"":1712}",2019_01_venezuela_linked_tweets_domains.csv,{},2019_01_venezuela_linked_tweets_countries.csv,"{""en"":965370,""es"":4202,""und"":2595,""fr"":2050,""de"":1831,""in"":1343,""ro"":935,""ht"":877,""da"":807,""et"":695,""tl"":577,""nl"":565,""it"":526,""pt"":494,""pl"":310,""fi"":302,""no"":280,""sv"":241,""tr"":204,""cs"":173,""cy"":148,""lt"":127,""eu"":88,""sl"":76,""hu"":68,""lv"":57,""is"":16,""ja"":7,""hi"":6,""ar"":4,""ca"":2,""vi"":2,""ko"":1,""zh"":1}",2019_01_venezuela_linked_tweets_languages.csv,2015-09-06 04:35,2018-07-23 20:48,604522392
venezuela_201906_1_users_csv_hashed.csv,33,"{""es"":33}",2019_06_venezuela_201906_1_users_account_languages.csv,675045.0,561591.0,8900,26/01/2020,2019_06,Venezuela,,,,,,venezuela_201906_1_tweets_csv_hashed.csv,161592.0,232926.0,1597939.0,1383546.0,569455,"{""TrumpTrain"":1294,""MAGA"":1039,""RT"":985,""NeverHillary"":795,""TrumpPence16"":479,""MeToo"":242,""FakeNews"":240,""hillaryclinton"":202,""NeverTrump"":149,""NeverTrumper"":103,""ImWithHillary"":70,""SpyGate"":63,""WalkAway"":56,""NeverTrumpers"":53,""Spygate"":49,""ReleaseTheMemo"":43,""GoFundTheWall"":42,""SchumerShutdown"":39,""BlackLivesMatter"":38,""VidaFit"":37,""ImpeachTheMF"":36,""DrainTheSwamp"":31,""PUSSIFICATION"":27,""ElectionDay"":26,""1S"":25}",2019_06_venezuela_201906_1_tweets_hashtags.csv,"{""zpr.io"":147728,""trumpnewss.com"":144110,""feed24hnews.com"":94456,""dlvr.it"":62834,""sh.st"":30569,""ift.tt"":18672,""bit.ly"":18090,""sytes.net"":17500,""trumpservativenews.info"":13983,""trumpservativenews.club"":5446,""viid.me"":5183,""co.vu"":3214,""fb.me"":565,""bc.vc"":514,""twitter.com"":100,""hrc.io"":86,""iwillvote.com"":42,""departed.co"":41,""google.com"":36,""endingthefed.com"":31,""tinyurl.com"":28,""hillaryclinton.com"":28,""vlin.es"":22,""shoes.com"":20,""truthfeed.com"":20}",2019_06_venezuela_201906_1_tweets_domains.csv,{},2019_06_venezuela_201906_1_tweets_countries.csv,"{""en"":522780,""es"":43740,""und"":604,""fr"":359,""ro"":167,""de"":138,""pt"":131,""in"":119,""da"":100,""it"":91,""ca"":68,""et"":66,""sv"":64,""ht"":62,""tl"":62,""pl"":28,""no"":23,""cy"":18,""fi"":18,""lt"":14,""tr"":11,""nl"":11,""cs"":10,""hu"":4,""sk"":3,""id"":3,""sl"":2,""lv"":2,""is"":2,""vi"":1}",2019_06_venezuela_201906_1_tweets_languages.csv,2012-04-25 23:10,2019-02-05 22:12,309108799
russia_201906_1_users_csv_hashed.csv,4,"{""en"":4}",2019_06_russia_201906_1_users_account_languages.csv,1207.0,2034.0,754,26/01/2020,2019_06,Russia,,,,,,russia_201906_1_tweets_csv_hashed.csv,1.0,122.0,347.0,355.0,2288,"{""BUT"":528,""bestUSAtoday"":365,""butthis"":364,""US"":106,""ISIS"":72,""news"":57,""Syria"":44,""Obama"":37,""elections2016"":36,""GOP"":36,""Iran"":33,""Election2016"":33,""SyrianRefugees"":33,""newsmax"":33,""DonaldTrump"":32,""shooting"":32,""IranDeal"":32,""huffingtonpost"":32,""Trump"":30,""refugees"":29,""MiddleEast"":28,""Israel"":28,""Russia"":28,""China"":27,""police"":27}",2019_06_russia_201906_1_tweets_hashtags.csv,"{""bit.ly"":1187,""twitter.com"":754,""butthis.com"":274,""tmblr.co"":11,""politi.co"":5,""huff.to"":5,""youtu.be"":5,""theatln.tc"":4,""nyti.ms"":4,""ift.tt"":3,""wsj.com"":3,""wapo.st"":3,""trib.al"":3,""cnn.it"":3,""tinyurl.com"":3,""washingtonpost.com"":2,""middleeastmonitor.com"":2,""sync.com"":1,""theatlantic.com"":1,""fxn.ws"":1,""ind.pn"":1,""ow.ly"":1,""nytimes.com"":1,""cbsn.ws"":1,""vimeo.com"":1}",2019_06_russia_201906_1_tweets_domains.csv,{},2019_06_russia_201906_1_tweets_countries.csv,"{""en"":2247,""und"":30,""fr"":4,""es"":2,""pt"":2,""de"":1,""in"":1,""sv"":1}",2019_06_russia_201906_1_tweets_languages.csv,2015-07-30 16:41,2018-11-04 17:34,1343375
iran_201906_3_users_csv_hashed.csv,2862,"{""en"":1978,""fa"":844,""ar"":21,""tr"":13,""en-gb"":4,""fr"":1,""pt"":1}",2019_06_iran_201906_3_users_account_languages.csv,386911.0,642510.0,679585,26/01/2020,2019_06,Iran,,,,,,iran_201906_3_tweets_csv_hashed.csv,17939.0,56284.0,664340.0,233906.0,253426,"{""\u0627\u06cc\u0631\u0627\u0646"":2364,""PressPlus"":1581,""\u0631\u0648\u062d\u0627\u0646\u06cc"":1548,""Yemen"":1513,""SaudiArabia"":1399,""Iran"":1279,""\u0628\u064a_\u0628\u064a_\u0633\u064a_\u062a\u0631\u0646\u062f\u064a\u0646\u063a"":1012,""\u0628\u0631\u062c\u0627\u0645"":954,""BreakingNews"":927,""Saudi"":921,""BREAKING"":915,""\u0641\u0644\u0627\u062d\u062a\u06cc"":865,""positivity"":851,""Brexit"":791,""Trump"":770,""\u062f\u0627\u0639\u0634"":770,""\u0627\u0644\u0633\u0639\u0648\u062f\u064a\u0629"":751,""\u0628\u0631\u0627\u0646\u062f\u0627\u0632\u0645"":712,""TheIsle"":704,""\u0622\u0645\u0631\u06cc\u06a9\u0627"":698,""\u0627\u0633\u0631\u0627\u0626\u06cc\u0644"":685,""\u0627\u0644\u064a\u0645\u0646"":650,""\u0645\u0646\u0648\u062a\u0648"":616,""\u062a\u0631\u0627\u0645\u067e"":604,""\u0627\u064a\u0631\u0627\u0646"":537}",2019_06_iran_201906_3_tweets_hashtags.csv,"{""twitter.com"":15139,""youtube.com"":5441,""jamnews.ir"":4424,""bit.ly"":4061,""t.me"":736,""youtu.be"":506,""aawsat.com"":435,""telegram.me"":404,""facebook.com"":378,""presstv.com"":298,""instagram.com"":252,""goo.gl"":246,""fb.me"":244,""ptv.io"":242,""ow.ly"":226,""soundcloud.com"":199,""theguardian.com"":160,""pscp.tv"":159,""google.com"":149,""bbc.com"":120,""independent.co.uk"":112,""bbc.in"":106,""jamnews.com"":100,""fllwrs.com"":84,""rt.com"":74}",2019_06_iran_201906_3_tweets_domains.csv,{},2019_06_iran_201906_3_tweets_countries.csv,"{""fa"":175439,""en"":31647,""ar"":29137,""und"":14833,""tr"":986,""fr"":254,""in"":183,""ur"":141,""es"":95,""tl"":91,""no"":56,""sd"":54,""da"":44,""ht"":40,""et"":38,""ca"":38,""ro"":34,""it"":23,""sl"":23,""sv"":22,""de"":14,""nl"":14,""pt"":14,""ru"":10,""ja"":9,""hu"":8,""fi"":8,""vi"":8,""eu"":7,""cy"":7,""pl"":7,""hi"":6,""lt"":4,""ckb"":4,""cs"":3,""th"":2,""iw"":2,""sk"":2,""id"":2,""ps"":1,""mr"":1,""lv"":1,""bg"":1,""is"":1,""zh"":1}",2019_06_iran_201906_3_tweets_languages.csv,2008-04-30 10:35,2019-04-21 21:42,157639852
iran_201906_2_users_csv_hashed.csv,247,"{""en"":119,""fa"":115,""ar"":11,""en-gb"":2}",2019_06_iran_201906_2_users_account_languages.csv,659262.0,198372.0,50071,26/01/2020,2019_06,Iran,,,,,,iran_201906_2_tweets_csv_hashed.csv,62204.0,475271.0,7561743.0,2083274.0,2066603,"{""GroupPalestine"":48400,""\u0642\u0631\u0648\u0628_\u0641\u0644\u0633\u0637\u064a\u0646\u064a"":43648,""\u0641\u0644\u0633\u0637\u064a\u0646"":9511,""\u0627\u0644\u064a\u0645\u0646"":8221,""\u0631\u0648\u062d\u0627\u0646\u06cc"":7789,""\u0632\u0646\u062f\u06af\u06cc_\u0633\u06af\u06cc_\u0627\u0633\u0631\u0627\u0626\u06cc\u0644\u06cc\u0647\u0627"":6843,""\u0642\u0631\u0648\u0628_\u062c\u0632\u0627\u0626\u0633\u0637\u064a\u0646"":5312,""\u0628\u0631\u062c\u0627\u0645"":5193,""\u0627\u0644\u0628\u062d\u0631\u064a\u0646"":4913,""\u0627\u064a\u0631\u0627\u0646"":4835,""\u0627\u0644\u0633\u0639\u0648\u062f\u064a\u0629"":4589,""\u0627\u0644\u062d\u0634\u062f_\u0627\u0644\u0634\u0639\u0628\u064a"":4548,""\u0627\u0644\u0639\u0631\u0627\u0642"":4456,""Palestine"":4201,""\u062f\u0627\u0639\u0634"":4079,""\u062d\u0632\u0628_\u0627\u0644\u0644\u0647"":3822,""\u0627\u06cc\u0631\u0627\u0646"":3558,""Yemen"":3234,""\u0627\u0644\u0642\u062f\u0633"":3042,""\u0633\u0648\u0631\u064a\u0627"":2853,""\u0645\u0631\u06af_\u0628\u0631_\u0622\u0645\u0631\u06cc\u06a9\u0627"":2778,""FATF"":2738,""\u0627\u0644\u0644\u0647\u0645_\u0639\u062c\u0644_\u0644\u0648\u0644\u064a\u0643_\u0627\u0644\u0641\u0631\u062c"":2626,""\u0641\u0631\u064a\u0642_\u062f\u0639\u0645_\u0627\u0644\u0645\u0642\u0627\u0648\u0645\u0629"":2609,""\u0639\u0627\u062c\u0644"":2577}",2019_06_iran_201906_2_tweets_hashtags.csv,"{""countdown2040.com"":134316,""twitter.com"":66753,""alwaght.com"":6414,""uw2ezrtav0c7rcy2loi2sbiyh8irdwmqadi7p7yqok=.com"":3823,""tn.ai"":3327,""youtu.be"":1985,""t.me"":915,""bit.ly"":880,""d3waapp.org"":765,""fb.me"":736,""instagram.com"":666,""alalam.ir"":649,""du3a.org"":648,""yemenpress.org"":621,""goo.gl"":615,""youtube.com"":525,""mdn.tv"":473,""facebook.com"":433,""pscp.tv"":402,""ift.tt"":347,""rt.com"":302,""telegram.me"":289,""almasirah.net"":248,""khamenei.ir"":243,""parstoday.com"":239}",2019_06_iran_201906_2_tweets_domains.csv,{},2019_06_iran_201906_2_tweets_countries.csv,"{""ar"":1011243,""fa"":820173,""en"":88137,""und"":86814,""iw"":52654,""ur"":1559,""in"":1033,""sd"":753,""fr"":515,""da"":485,""es"":318,""ca"":307,""et"":299,""de"":294,""tr"":290,""ht"":258,""tl"":243,""cy"":221,""pt"":116,""ro"":100,""cs"":79,""ja"":77,""pl"":64,""nl"":64,""ko"":62,""it"":60,""hi"":43,""ps"":34,""ckb"":33,""lt"":31,""hu"":31,""sl"":24,""ru"":20,""sv"":19,""vi"":18,""eu"":18,""fi"":18,""zh"":16,""no"":13,""ug"":13,""ta"":8,""lv"":5,""sk"":4,""is"":4,""bg"":3,""uk"":2,""te"":1,""th"":1,""el"":1,""mr"":1,""pa"":1}",2019_06_iran_201906_2_tweets_languages.csv,2011-04-26 10:24,2019-04-21 23:48,1512303850
iran_201906_1_users_csv_hashed.csv,1670,"{""en"":1523,""fa"":55,""id"":43,""ar"":23,""en-gb"":14,""fr"":5,""ru"":4,""th"":2,""tr"":1}",2019_06_iran_201906_1_users_account_languages.csv,1048021.0,1534123.0,396390,26/01/2020,2019_06,Iran,,,,,,iran_201906_1_tweets_csv_hashed.csv,22995.0,96578.0,1252870.0,880177.0,1969410,"{""\u0627\u0644\u0628\u062d\u0631\u064a\u0646"":69272,""Bahrain"":62118,""bahrain"":30390,""\u0628\u0646\u064a_\u062c\u0645\u0631\u0629"":14213,""Iran"":11031,""art"":10896,""Palestine"":10228,""nature"":9244,""science"":9159,""BREAKING"":7434,""Israel"":7008,""\u0627\u0644\u0635\u0647\u064a\u0648\u0646\u064a\u0647_\u062a\u0633\u0642\u0637"":6720,""sky"":6181,""FreePalestine"":6136,""photography"":6059,""\u0627\u0644\u0631\u0648\u0647\u064a\u0646\u063a\u0627_\u0627\u0644\u0627\u0628\u0627\u062f\u0629_\u0627\u0644\u0635\u0627\u0645\u062a\u0629"":5858,""\u0627\u0644\u064a\u0645\u0646"":5760,""Science"":5629,""\u0628\u0627\u0644\u0645\u0639\u0627\u062f\u0644\u0647_\u0627\u0644\u0630\u0647\u0628\u064a\u0647_\u0627\u0646\u062a\u0635\u0631\u0646\u0627"":5309,""\u0627\u0644\u0633\u0639\u0648\u062f\u064a\u0629"":5134,""\u0627\u0630\u0627\u0639\u0629_\u0637\u0647\u0631\u0627\u0646"":4991,""NoDAPL"":4758,""PhotographyIsArt"":4500,""Gaza"":4237,""14feb"":4229}",2019_06_iran_201906_1_tweets_hashtags.csv,"{""dlvr.it"":234011,""parstoday.com"":129497,""fb.me"":129241,""youtu.be"":57093,""twitter.com"":41065,""bit.ly"":40836,""irib.ir"":37288,""sahartv.ir"":35911,""goo.gl"":27422,""rt.com"":26436,""alwasatnews.com"":14300,""ift.tt"":12573,""facebook.com"":10346,""instagram.com"":10148,""buff.ly"":9980,""youtube.com"":8944,""telegram.me"":8099,""ptv.io"":6679,""trib.al"":6119,""ow.ly"":5304,""beritadunia.net"":5256,""mdn.tv"":4132,""presstv.ir"":3800,""manamavoice.com"":3277,""newsweek.com"":2453}",2019_06_iran_201906_1_tweets_domains.csv,{},2019_06_iran_201906_1_tweets_countries.csv,"{""en"":478361,""ar"":470549,""fa"":142924,""und"":140172,""ru"":115084,""in"":101540,""tr"":61767,""de"":38781,""bn"":30574,""ckb"":28141,""iw"":24161,""ur"":22781,""ps"":22155,""fr"":15534,""hi"":15101,""th"":8961,""es"":8395,""he"":5739,""pt"":5147,""bg"":5110,""it"":2470,""uk"":2143,""ro"":1900,""tl"":1442,""fi"":1314,""et"":1252,""nl"":953,""lt"":925,""id"":714,""ht"":661,""cy"":595,""da"":556,""sv"":543,""pl"":541,""vi"":521,""sk"":515,""sl"":466,""eu"":378,""no"":359,""ja"":319,""sr"":281,""ug"":271,""ca"":266,""cs"":236,""hu"":99,""zh"":97,""is"":89,""el"":80,""sd"":67,""lv"":66,""hr"":58,""bs"":39,""ko"":36,""ne"":15,""mr"":11,""ta"":10,""si"":5,""hy"":4,""te"":3,""am"":2,""ka"":1}",2019_06_iran_201906_1_tweets_languages.csv,2009-04-28 14:28,2019-03-20 03:11,1261535399
catalonia_201906_1_users_csv_hashed.csv,130,"{""en"":104,""ca"":13,""es"":11,""ru"":2}",2019_06_catalonia_201906_1_users_account_languages.csv,33624.0,40479.0,22168,26/01/2020,2019_06,Spain,,,,,,catalonia_201906_1_tweets_csv_hashed.csv,1782.0,7163.0,34373.0,39471.0,10423,"{""pleBCN"":104,""21D"":83,""FemXarxa"":72,""17DebatL6"":58,""Parlament"":51,""VagaMetro"":45,""Salvados21D"":40,""RoviraTV3"":34,""ComissionsBCN"":27,""TramviaBlau"":27,""refer\u00e8ndum"":27,""Barcelona"":26,""DebatTV3"":25,""BuchDimissio"":24,""1O"":21,""ZASCA"":16,""DebatB\u00e0sics"":15,""LlibertatPresosPol\u00edtics"":15,""labcnquevolem"":15,""1O2017"":14,""NovaPol\u00edtica"":14,""RecuperemBCN"":13,""president"":13,""DonesAmbTotsElsDrets"":13,""plebcn"":12}",2019_06_catalonia_201906_1_tweets_hashtags.csv,"{""twitter.com"":345,""vilaweb.cat"":195,""ara.cat"":165,""naciodigital.cat"":151,""esquerrabcn.cat"":122,""elvapor.net"":112,""elnacional.cat"":107,""directe.cat"":97,""ow.ly"":75,""bit.ly"":68,""elpuntavui.cat"":59,""goo.gl"":43,""elmon.cat"":31,""eldiario.es"":26,""lavanguardia.com"":19,""larepublica.cat"":18,""publico.es"":18,""directa.cat"":17,""elcritic.cat"":16,""elperiodico.com"":15,""elpais.com"":14,""youtube.com"":14,""youtu.be"":12,""lloguers.barcelona"":11,""elperiodico.cat"":11}",2019_06_catalonia_201906_1_tweets_domains.csv,{},2019_06_catalonia_201906_1_tweets_countries.csv,"{""ca"":5076,""und"":3989,""es"":960,""en"":153,""pt"":83,""fr"":42,""it"":23,""in"":23,""ht"":6,""hu"":6,""sv"":5,""tl"":4,""ro"":4,""eu"":3,""pl"":3,""et"":3,""cy"":3,""nl"":2,""no"":2,""tr"":1,""de"":1,""ru"":1,""lv"":1}",2019_06_catalonia_201906_1_tweets_languages.csv,2011-11-24 16:52,2019-04-18 08:21,6209998
china_082019_1_users_csv_hashed.csv,744,"{""zh-cn"":569,""en"":104,""ru"":36,""zh-CN"":13,""zh-tw"":10,""es"":8,""en-gb"":3,""ja"":1}",2019_08_china_082019_1_users_account_languages.csv,5945124.0,928054.0,123013,26/01/2020,2019_08,China,,,,,,china_082019_1_tweets_csv_hashed.csv,13746.0,167287.0,86009.0,282623.0,1898108,"{""ptl"":81148,""pltl"":48216,""tlrp"":36535,""nrp"":21922,""RT"":8437,""WTL"":6719,""rtl"":6552,""wtl"":6493,""PTL"":6166,""RTL"":5739,""rptl"":5485,""openfollow"":5176,""TLRP"":4281,""ic"":3626,""senpaiBot"":3408,""\u90ed\u6587\u8d35"":3235,""etl"":2624,""NRP"":2595,""AplikasiMyIndiHome"":2471,""\ubc15\uc9c0\ud6c8"":2446,""AngpaoUntukSobat"":2425,""\uc628\ub77c\uc778\ubc14\ub451\uc774"":2423,""PLTL"":2221,""GamesSeruKartini"":1861,""bb"":1657}",2019_08_china_082019_1_tweets_hashtags.csv,"{""goo.gl"":213493,""twitter.com"":119538,""tandl.me"":43328,""bit.ly"":35020,""rol.co.id"":11775,""kom.ps"":9857,""ow.ly"":9757,""youtu.be"":8937,""youtube.com"":8570,""telkomsel.com"":5279,""dlvr.it"":5200,""tsel.me"":3526,""tistory.com"":3411,""yon11.com"":3205,""apple.co"":2764,""tumblr.com"":2663,""spoti.fi"":2538,""roundteam.co"":2416,""jogosvorazes.net"":2173,""fb.me"":2088,""smartfren.com"":1949,""facebook.com"":1814,""instagram.com"":1709,""tl.gd"":1618,""ag-001.com"":1351}",2019_08_china_082019_1_tweets_domains.csv,{},2019_08_china_082019_1_tweets_countries.csv,"{""in"":791265,""en"":375953,""pt"":182682,""zh"":114923,""und"":73256,""es"":32725,""tl"":19422,""ko"":13137,""et"":8787,""ja"":8256,""nl"":7368,""fr"":6353,""id"":6137,""ht"":5471,""sv"":5300,""fi"":3635,""tr"":2800,""no"":2431,""pl"":2322,""de"":2298,""ro"":1606,""it"":1329,""cy"":1258,""da"":1212,""vi"":905,""cs"":871,""hu"":765,""is"":650,""lv"":607,""hi"":556,""lt"":534,""sl"":511,""sk"":447,""ru"":409,""eu"":383,""th"":324,""ar"":311,""hr"":81,""ca"":64,""bs"":52,""uk"":44,""ur"":14,""bg"":11,""el"":6,""bn"":6,""ta"":4,""fa"":1,""kn"":1,""sr"":1,""km"":1,""hy"":1}",2019_08_china_082019_1_tweets_languages.csv,2008-05-16 11:15,2019-07-25 02:25,759417758
china_082019_2_users_csv_hashed.csv,196,"{""en"":127,""zh-cn"":43,""es"":10,""ja"":7,""fr"":4,""en-gb"":2,""zh-CN"":2,""zh-tw"":1}",2019_08_china_082019_2_users_account_languages.csv,4396986.0,1235385.0,31496,26/01/2020,2019_08,China,,,,,,china_082019_2_tweets_csv_hashed.csv,22852.0,197641.0,1279648.0,1220540.0,1708078,"{""FF"":18796,""\u0639\u0627\u0634\u0642_\u0627\u0644\u0644\u064a\u0644"":18436,""gadgets"":6599,""#gadgets"":6101,""\u6574\u70b9\u62a5\u65f6"":5917,""#tech"":5339,""tech"":5012,""\u0645\u0627\u0647\u0631_\u0627\u0644\u0645\u0644\u0627\u0644\u062d\u0629"":4647,""\u0639\u0627\u0634\u0642"":4455,""job"":3935,""luvsujunet"":3524,""jobs"":3473,""UP"":3171,""hiring"":2941,""\u0633\u0643\u0639"":2296,""quotes"":2207,""IT"":2173,""\u062d\u0633\u0627\u0628_\u064a\u0633\u062a\u062d\u0642_\u0627\u0644\u0645\u062a\u0627\u0628\u0639\u0647"":2063,""#UTribe"":1963,""TopNewFollowers"":1909,""\u0646\u0645\u064a\u0631_\u0627\u0644\u0628\u064a\u0627\u0646"":1731,""in"":1724,""\u0631\u0628\u0627\u0628_\u0627\u0644\u0643\u0644\u0645"":1638,""#news"":1581,""up"":1567}",2019_08_china_082019_2_tweets_hashtags.csv,"{""bit.ly"":40025,""ift.tt"":38266,""twitter.com"":28407,""youtu.be"":6152,""dlvr.it"":4872,""tinyurl.com"":4734,""youtube.com"":3788,""ow.ly"":3692,""instagram.com"":3561,""nbanewsnow.com"":3214,""twitpic.com"":2650,""goo.gl"":1741,""fb.me"":1400,""buff.ly"":1299,""yhoo.it"":1179,""twitch.tv"":903,""ask.fm"":898,""escort-ads.com"":774,""dld.bz"":771,""livestream.com"":735,""blogspot.com"":674,""kingo.to"":669,""es.pn"":663,""tinderxxx.co"":586,""lnkd.in"":501}",2019_08_china_082019_2_tweets_domains.csv,{},2019_08_china_082019_2_tweets_countries.csv,"{""ar"":591104,""en"":167573,""und"":63166,""zh"":54440,""es"":48024,""pt"":21259,""tl"":21030,""fr"":4300,""ja"":3084,""in"":2985,""id"":2983,""tr"":1007,""it"":990,""de"":902,""et"":870,""fa"":796,""hi"":742,""nl"":665,""ht"":606,""pl"":579,""vi"":407,""fi"":339,""sv"":334,""ko"":266,""da"":266,""hu"":263,""sl"":222,""lv"":216,""lt"":201,""ur"":197,""sk"":154,""ro"":148,""no"":124,""cy"":121,""eu"":106,""cs"":85,""ca"":84,""is"":78,""th"":46,""ru"":34,""hr"":28,""sd"":11,""ps"":8,""ckb"":8,""bs"":7,""bg"":5,""el"":4,""bo"":4,""uk"":3,""ta"":3,""ug"":2,""hy"":2,""mr"":2,""ne"":1,""sr"":1,""ka"":1}",2019_08_china_082019_2_tweets_languages.csv,2007-12-23 06:35,2019-07-25 21:19,807931765
china_082019_3_users_csv_hashed.csv,4301,"{""en"":2793,""zh-cn"":1362,""zh-tw"":79,""zh-CN"":24,""id"":11,""ru"":10,""tr"":10,""en-gb"":5,""es"":2,""fr"":2,""pt"":2,""ja"":1}",2019_09_china_082019_3_users_account_languages.csv,18320864.0,8690952.0,781005,26/01/2020,2019_09,China,,,,,,china_082019_3_tweets_csv_hashed.csv,299464.0,3080027.0,4302252.0,3126178.0,10241545,"{""openfollow"":174749,""Recipe"":56776,""\u9999\u6e2f"":42613,""iPhone"":42202,""tl"":41667,""srp"":35602,""HongKong"":31143,""Chef"":31137,""womaninbiz"":27847,""pltl"":27311,""ftl"":27212,""HK"":26318,""1DDrive"":26092,""on"":25581,""Chicken"":23775,""wineoclock"":23087,""PlsRetweet"":21817,""ptl"":19708,""TL"":19121,""\u6e38\u884c"":17384,""ic"":17227,""RT\u3057\u305f\u4eba\u5168\u54e1\u30d5\u30a9\u30ed\u30fc\u3059\u308b"":17158,""\u9003\u72af\u6761\u4f8b"":16759,""#iPhone"":16439,""AutoFreeFollowers"":15869}",2019_09_china_082019_3_tweets_hashtags.csv,"{""twitter.com"":358721,""bit.ly"":256943,""dld.bz"":194807,""youtu.be"":70192,""happymuslimfamily.net"":62821,""fb.me"":47853,""youtube.com"":46708,""goo.gl"":36477,""dlvr.it"":28791,""buff.ly"":24332,""ow.ly"":21530,""mychinanews.com"":19123,""favstar.fm"":18990,""hampersbylucy.co.uk"":16200,""tsel.me"":15202,""telkomsel.com"":13986,""ift.tt"":13779,""bbc.in"":12509,""na-ss.com"":11886,""instagram.com"":11298,""blingbling.guru"":9873,""ask.fm"":9220,""blogspot.com"":9114,""nyti.ms"":7473,""tistory.com"":7243}",2019_09_china_082019_3_tweets_domains.csv,{},2019_09_china_082019_3_tweets_countries.csv,"{""in"":4104585,""en"":1940180,""und"":599830,""zh"":573827,""id"":323976,""tl"":184568,""es"":127427,""de"":127112,""ar"":105900,""pt"":98631,""ja"":96280,""ko"":78255,""tr"":52660,""et"":48662,""ht"":35226,""th"":33430,""nl"":25246,""pl"":24039,""fr"":23108,""vi"":20803,""it"":18649,""sl"":12302,""fi"":12143,""ru"":11352,""sv"":11047,""hu"":8945,""no"":8120,""cy"":8081,""hi"":7788,""lv"":7495,""lt"":6995,""sk"":6903,""da"":6596,""eu"":6113,""ro"":5320,""is"":4808,""cs"":3187,""bg"":1473,""bs"":930,""hr"":794,""ca"":629,""uk"":296,""ur"":252,""el"":226,""fa"":158,""bo"":78,""sr"":31,""iu"":30,""ne"":17,""ka"":14,""kn"":11,""ta"":10,""iw"":10,""bn"":7,""chr"":4,""ml"":4,""hy"":2,""lo"":2,""ps"":2,""ckb"":1,""gu"":1,""mr"":1}",2019_09_china_082019_3_tweets_languages.csv,2008-02-28 16:16,2019-08-28 01:31,4044209186
ecuador_082019_users_csv_hashed.csv,1019,"{""es"":892,""en"":127}",2019_09_ecuador_082019_users_account_languages.csv,139332.0,111879.0,197623,26/01/2020,2019_09,Ecuador,,,,,,ecuador_082019_tweets_csv_hashed.csv,3082.0,29706.0,46443.0,56637.0,700240,"{""ElGobiernoDeTodos"":18391,""AgendaGubernamental"":8175,""Ecuador"":4115,""CNT"":3949,""LeyDeComunicaci\u00f3n"":2808,""Informate"":2633,""Guayaquil"":1934,""Roc\u00edoDeMoreno"":1849,""siguemeytesigo"":1834,""CasaParaTodos"":1785,""EcuadorGiraUE"":1698,""LeyFomentoProductivo"":1525,""RelevoDeGuardia"":1512,""Quito"":1454,""FelizLunes"":1339,""LoM\u00e1sLe\u00eddoEC"":1277,""GiraOficialEcu"":1271,""SIGUEMEYTESIGO"":1188,""EcuadorEnDavos"":1176,""EcuadorEnJap\u00f3n"":1129,""EcuadorEnONU"":1111,""TelediarioEC"":1063,""TodaUnaVida"":1042,""tastyjapan"":1029,""EcuadorVisitaEEUU"":1027}",2019_09_ecuador_082019_tweets_hashtags.csv,"{""bit.ly"":14560,""ow.ly"":11637,""twitter.com"":11250,""youtu.be"":7145,""tinyurl.com"":3795,""goo.gl"":3323,""instagram.com"":2013,""grandesmedios.com"":1386,""youtube.com"":1382,""htl.li"":1294,""cinconoticias.com"":1164,""ecuagol.com"":883,""fb.me"":835,""bzfd.it"":729,""tasty.co"":719,""taste.md"":661,""ht.ly"":565,""dlvr.it"":525,""facebook.com"":468,""buff.ly"":451,""elcomercio.com"":440,""andes.info.ec"":401,""trib.al"":387,""ecuadorinmediato.com"":380,""larepublica.ec"":376}",2019_09_ecuador_082019_tweets_domains.csv,{},2019_09_ecuador_082019_tweets_countries.csv,"{""es"":558378,""en"":64201,""und"":21523,""in"":7320,""ru"":5125,""pt"":2917,""ja"":2826,""fr"":2009,""it"":959,""tl"":868,""ca"":768,""ar"":707,""de"":652,""tr"":381,""bg"":380,""pl"":349,""et"":310,""nl"":305,""ht"":234,""ro"":204,""lv"":199,""sv"":189,""ko"":186,""eu"":186,""hi"":179,""no"":148,""cy"":137,""vi"":97,""cs"":96,""is"":86,""ur"":86,""da"":85,""lt"":82,""hu"":78,""fi"":77,""zh"":69,""el"":60,""sl"":51,""id"":31,""uk"":19,""fa"":12,""sk"":9,""ta"":8,""th"":7,""sr"":6,""pa"":4,""kn"":4,""bn"":3,""ne"":1,""bs"":1,""iw"":1}",2019_09_ecuador_082019_tweets_languages.csv,2010-03-13 02:52,2019-07-30 22:34,402335492
egypt_uae_082019_users_csv_hashed.csv,271,"{""en"":235,""ar"":31,""en-gb"":5}",2019_09_egypt_uae_082019_users_account_languages.csv,405864.0,128601.0,63902,26/01/2020,2019_09,"Egypt, UAE",,,,,,egypt_uae_082019_tweets_csv_hashed.csv,34592.0,75073.0,1118553.0,1533374.0,214898,"{""\u0642\u0637\u0631\u064a\u0644\u064a\u0643\u0633"":36319,""\u0642\u0637\u0631"":23294,""\u0627\u0644\u062f\u0648\u062d\u0629_\u0627\u0644\u0645\u0641\u0636\u0648\u062d\u0629"":13553,""\u0627\u0644\u062f\u0648\u062d\u0629"":11597,""\u0639\u062b\u0645\u0627\u0646\u0644\u064a"":10247,""\u0642\u0637\u0631_\u062a\u0646\u062a\u062d\u0631"":9282,""\u0627\u0644\u0625\u0645\u0627\u0631\u0627\u062a"":8873,""\u062a\u0645\u064a\u0645"":7830,""\u0642\u0637\u0631_\u062a\u0645\u0648\u0644_\u0627\u0644\u0625\u0631\u0647\u0627\u0628"":7480,""\u0643\u0641\u0649_\u064a\u0627_\u0642\u0637\u0631"":6838,""\u0627\u0644\u062d\u0645\u062f\u064a\u0646"":5955,""\u062a\u0645\u064a\u0645_\u0627\u0644\u0639\u0627\u0631"":5949,""QatariLeaks"":5786,""Qatar"":5708,""\u062a\u0631\u0643\u064a\u0627"":5452,""\u0627\u0644\u0633\u0639\u0648\u062f\u064a\u0629"":4927,""\u0642\u0637\u0631_\u0639\u0631\u0627\u0628_\u0627\u0644\u0641\u0648\u0636\u0649"":4902,""\u062a\u0645\u064a\u0645_\u064a\u0633\u062a\u0646\u0632\u0641_\u0642\u0637\u0631"":4824,""\u062a\u0646\u0638\u064a\u0645_\u0627\u0644\u062d\u0645\u062f\u064a\u0646"":4392,""\u0625\u0631\u062f\u0648\u063a\u0627\u0646"":4237,""\u0623\u0628\u0648\u0638\u0628\u064a"":3856,""\u062f\u0628\u064a"":3741,""\u0625\u064a\u0631\u0627\u0646"":3359,""\u0644\u064a\u0628\u064a\u0627"":3275,""\u0627\u0644\u0625\u0631\u0647\u0627\u0628"":2930}",2019_09_egypt_uae_082019_tweets_hashtags.csv,"{""dotu.ae"":20731,""osmn.ly"":7422,""qleaks.com"":6767,""qatarileaks.com"":4036,""3thmanly.com"":2950,""twitter.com"":1532,""bit.ly"":833,""goo.gl"":652,""sudanalyoum.com"":547,""youtube.com"":434,""twimg.com"":295,""fb.me"":231,""dotemirates.com"":224,""youtu.be"":206,""albayan.ae"":133,""bnlibya.com"":96,""sudanakhbar.com"":82,""emaratalyoum.com"":76,""pscp.tv"":67,""elfagr.org"":62,""aawsat.com"":62,""arabmubasher.com"":61,""skynewsarabia.com"":59,""arabtrends.net"":54,""instagram.com"":53}",2019_09_egypt_uae_082019_tweets_domains.csv,{},2019_09_egypt_uae_082019_tweets_countries.csv,"{""ar"":196625,""en"":12364,""und"":3261,""tr"":42,""fa"":32,""in"":30,""es"":19,""ru"":17,""ca"":15,""ht"":14,""ro"":8,""tl"":7,""fr"":7,""no"":7,""ur"":5,""et"":5,""lv"":5,""pt"":4,""nl"":3,""ja"":2,""id"":2,""eu"":2,""lt"":1,""pl"":1,""it"":1,""hu"":1,""sd"":1,""sl"":1,""sv"":1,""da"":1,""cy"":1,""cs"":1,""zh"":1}",2019_09_egypt_uae_082019_tweets_languages.csv,2012-01-23 09:03,2019-08-05 19:00,169600287
egypt_uae_082019_users_csv_hashed.csv,271,"{""en"":235,""ar"":31,""en-gb"":5}",2019_09_egypt_uae_082019_users_account_languages.csv,405864.0,128601.0,63902,26/01/2020,2019_09,"Egypt, UAE",,,,,,egypt_uae_082019_tweets_csv_hashed.csv,34592.0,75073.0,1118553.0,1533374.0,214898,"{""\u0642\u0637\u0631\u064a\u0644\u064a\u0643\u0633"":36319,""\u0642\u0637\u0631"":23294,""\u0627\u0644\u062f\u0648\u062d\u0629_\u0627\u0644\u0645\u0641\u0636\u0648\u062d\u0629"":13553,""\u0627\u0644\u062f\u0648\u062d\u0629"":11597,""\u0639\u062b\u0645\u0627\u0646\u0644\u064a"":10247,""\u0642\u0637\u0631_\u062a\u0646\u062a\u062d\u0631"":9282,""\u0627\u0644\u0625\u0645\u0627\u0631\u0627\u062a"":8873,""\u062a\u0645\u064a\u0645"":7830,""\u0642\u0637\u0631_\u062a\u0645\u0648\u0644_\u0627\u0644\u0625\u0631\u0647\u0627\u0628"":7480,""\u0643\u0641\u0649_\u064a\u0627_\u0642\u0637\u0631"":6838,""\u0627\u0644\u062d\u0645\u062f\u064a\u0646"":5955,""\u062a\u0645\u064a\u0645_\u0627\u0644\u0639\u0627\u0631"":5949,""QatariLeaks"":5786,""Qatar"":5708,""\u062a\u0631\u0643\u064a\u0627"":5452,""\u0627\u0644\u0633\u0639\u0648\u062f\u064a\u0629"":4927,""\u0642\u0637\u0631_\u0639\u0631\u0627\u0628_\u0627\u0644\u0641\u0648\u0636\u0649"":4902,""\u062a\u0645\u064a\u0645_\u064a\u0633\u062a\u0646\u0632\u0641_\u0642\u0637\u0631"":4824,""\u062a\u0646\u0638\u064a\u0645_\u0627\u0644\u062d\u0645\u062f\u064a\u0646"":4392,""\u0625\u0631\u062f\u0648\u063a\u0627\u0646"":4237,""\u0623\u0628\u0648\u0638\u0628\u064a"":3856,""\u062f\u0628\u064a"":3741,""\u0625\u064a\u0631\u0627\u0646"":3359,""\u0644\u064a\u0628\u064a\u0627"":3275,""\u0627\u0644\u0625\u0631\u0647\u0627\u0628"":2930}",2019_09_egypt_uae_082019_tweets_hashtags.csv,"{""dotu.ae"":20731,""osmn.ly"":7422,""qleaks.com"":6767,""qatarileaks.com"":4036,""3thmanly.com"":2950,""twitter.com"":1532,""bit.ly"":833,""goo.gl"":652,""sudanalyoum.com"":547,""youtube.com"":434,""twimg.com"":295,""fb.me"":231,""dotemirates.com"":224,""youtu.be"":206,""albayan.ae"":133,""bnlibya.com"":96,""sudanakhbar.com"":82,""emaratalyoum.com"":76,""pscp.tv"":67,""elfagr.org"":62,""aawsat.com"":62,""arabmubasher.com"":61,""skynewsarabia.com"":59,""arabtrends.net"":54,""instagram.com"":53}",2019_09_egypt_uae_082019_tweets_domains.csv,{},2019_09_egypt_uae_082019_tweets_countries.csv,"{""ar"":196625,""en"":12364,""und"":3261,""tr"":42,""fa"":32,""in"":30,""es"":19,""ru"":17,""ca"":15,""ht"":14,""ro"":8,""tl"":7,""fr"":7,""no"":7,""ur"":5,""et"":5,""lv"":5,""pt"":4,""nl"":3,""ja"":2,""id"":2,""eu"":2,""lt"":1,""pl"":1,""it"":1,""hu"":1,""sd"":1,""sl"":1,""sv"":1,""da"":1,""cy"":1,""cs"":1,""zh"":1}",2019_09_egypt_uae_082019_tweets_languages.csv,2012-01-23 09:03,2019-08-05 19:00,169600287
saudi_arabia_082019_users_csv_hashed.csv,6,"{""en"":6}",2019_09_saudi_arabia_082019_users_account_languages.csv,139326.0,200.0,1598,26/01/2020,2019_09,Saudi Arabia,,,,,,saudi_arabia_082019_tweets_csv_hashed.csv,257.0,321.0,2099.0,5133.0,340,"{""Saudi"":18,""Brexit"":5,""ISIS"":4,""Qatar"":3,""Iran"":3,""France"":3,""\u0627\u0644\u064a\u0648\u0645_\u0627\u0644\u0648\u0637\u0646\u064a_\u0627\u0644\u0633\u0639\u0648\u062f\u064a"":3,""\u0627\u0644\u064a\u0648\u0645_\u0627\u0644\u0648\u0637\u0646\u064a"":3,""Breaking"":3,""OICSummit"":2,""Saudi_National_Day"":2,""Trump"":2,""SaudiArabia"":2,""NotreDame"":2,""Ramadan"":2,""Macron"":2,""FreeIran"":2,""Racism"":2,""Syria"":1,""Syrian"":1,""Terrorism"":1,""UAE"":1,""Smoking"":1,""Terrorist"":1,""Saudis"":1}",2019_09_saudi_arabia_082019_tweets_hashtags.csv,"{""theevebulletin.com"":92,""ksatoday.net"":79,""twimg.com"":3,""goo.gl"":1}",2019_09_saudi_arabia_082019_tweets_domains.csv,{},2019_09_saudi_arabia_082019_tweets_countries.csv,"{""en"":328,""ar"":4,""und"":2,""ca"":1,""da"":1,""es"":1,""eu"":1,""it"":1,""tl"":1}",2019_09_saudi_arabia_082019_tweets_languages.csv,2015-11-11 19:32,2019-04-22 22:40,178834
spain_082019_users_csv_hashed.csv,259,"{""es"":148,""en"":110,""en-gb"":1}",2019_09_spain_082019_users_account_languages.csv,14607.0,41810.0,63580,26/01/2020,2019_09,Spain,,,,,,spain_082019_tweets_csv_hashed.csv,851.0,6293.0,19832.0,11186.0,56712,"{""PedroSeLoFunde"":2521,""DecretazoS\u00e1nchez"":2101,""NiObreroNiEspa\u00f1ol"":1697,""NoHablamosHacemos"":1467,""Prisi\u00f3nPermanenteRevisable"":1384,""ObjetivoCasado"":1283,""S\u00e1nchezSeEsconde"":1234,""VenteAlPP"":1073,""PucherazoCs"":871,""STOPOKUPAS"":809,""ValorSeguro"":757,""SiNoEligesPPEllosVuelven"":750,""CasadoConEspa\u00f1a"":625,""Caf\u00e9Casado"":622,""StoPSOE"":554,""DebateRTVE"":534,""StoPsoe"":470,""STOPSOE"":444,""L6Ndebatea7"":435,""PrisionPermanenteRevisable"":433,""FalconViajes"":421,""VuelveZapatero"":398,""M\u00e1sPPM\u00e1sIgualdad"":398,""M\u00e1sPPM\u00e1sSeguridad"":373,""L6Npablocasado"":365}",2019_09_spain_082019_tweets_hashtags.csv,"{""abc.es"":527,""pp.es"":505,""twitter.com"":479,""elmundo.es"":372,""elespanol.com"":254,""okdiario.com"":252,""elpais.com"":188,""elconfidencial.com"":153,""news.blog"":125,""change.org"":121,""libremercado.com"":108,""expansion.com"":103,""europapress.es"":101,""elconfidencialdigital.com"":90,""20minutos.es"":90,""larazon.es"":90,""bit.ly"":89,""antena3.com"":87,""lavanguardia.com"":78,""eldiario.es"":76,""eleconomista.es"":67,""publico.es"":62,""cope.es"":51,""atres.red"":48,""levante-emv.com"":47}",2019_09_spain_082019_tweets_domains.csv,{},2019_09_spain_082019_tweets_countries.csv,"{""es"":54053,""und"":2121,""en"":239,""pt"":84,""ca"":65,""in"":45,""fr"":23,""hu"":15,""it"":11,""eu"":8,""et"":8,""ht"":7,""tl"":6,""no"":5,""cs"":3,""nl"":3,""vi"":3,""is"":1,""lt"":1,""lv"":1,""hi"":1,""pl"":1,""de"":1,""ru"":1,""sl"":1,""sv"":1,""el"":1,""tr"":1,""cy"":1,""zh"":1}",2019_09_spain_082019_tweets_languages.csv,2019-02-27 15:52,2019-04-22 12:19,34155519
uae_082019_users_csv_hashed.csv,4248,"{""en"":3771,""ar"":319,""fr"":73,""it"":25,""en-gb"":24,""tr"":20,""de"":14,""fa"":1,""ko"":1}",2019_09_uae_082019_users_account_languages.csv,911308.0,1046348.0,1022505,26/01/2020,2019_09,UAE,,,,,,uae_082019_tweets_csv_hashed.csv,12366.0,46213.0,397632.0,79811.0,1325530,"{""\u0627\u0644\u064a\u0645\u0646"":63429,""\u0627\u0644\u0625\u0645\u0627\u0631\u0627\u062a"":50714,""\u0641\u064a\u062f\u064a\u0648"":26847,""\u0642\u0637\u0631"":24996,""\u0627\u0644\u062d\u0648\u062b\u064a"":21318,""\u0627\u0644\u0627\u0645\u0627\u0631\u0627\u062a"":18645,""Qatar"":17731,""\u0641\u0631\u0633\u0627\u0646_\u0627\u0644\u0625\u0645\u0627\u0631\u0627\u062a"":15128,""\u0627\u0644\u0633\u0639\u0648\u062f\u064a\u0629"":14193,""\u0645\u0635\u0631"":13948,""Yemen"":13813,""\u0645\u0647\u0631\u062c\u0627\u0646_\u0627\u0644\u0634\u064a\u062e_\u0632\u0627\u064a\u062f_\u0627\u0644\u062a\u0631\u0627\u062b\u064a"":13360,""UAE"":13011,""\u0645\u0633\u064a\u0631\u0629_\u0627\u0644\u0625\u062a\u062d\u0627\u062f_\u0644\u0644\u0642\u0628\u0627\u0626\u0644"":11938,""\u0627\u0644\u062d\u062f\u064a\u062f\u0629"":11391,""\u062a\u0643\u0646\u0648\u0644\u0648\u062c\u064a\u0627"":11187,""\u0627\u0644\u0639\u064a\u0646_\u0627\u0644\u0625\u062e\u0628\u0627\u0631\u064a\u0629"":9172,""\u062a\u0631\u0643\u064a\u0627"":8849,""\u0627\u0642\u062a\u0635\u0627\u062f"":8483,""\u0627\u0644\u062d\u0648\u062b\u064a\u064a\u0646"":8074,""\u0635\u062d\u0629"":7617,""\u062f\u0628\u064a"":6722,""\u0645\u062d\u0645\u062f_\u0628\u0646_\u0632\u0627\u064a\u062f"":6424,""\u0627\u0644\u0645\u063a\u0631\u0628"":6017,""Iran"":5741}",2019_09_uae_082019_tweets_hashtags.csv,"{""bit.ly"":79429,""twitter.com"":42340,""du3a.org"":39775,""athkarapp.online"":36775,""qoo.ly"":21637,""al-ain.com"":18979,""goo.gl"":9628,""fb.me"":8428,""dlvr.it"":7030,""pscp.tv"":5161,""youtu.be"":4140,""ow.ly"":4046,""bbc.in"":3722,""al-a.in"":3407,""youtube.com"":3332,""limportant.fr"":1763,""life.ru"":1737,""7dnews.com"":1509,""albayan.ae"":1492,""chouftv.ma"":1480,""cnn.it"":1346,""ren.tv"":1327,""facebook.com"":1090,""cnb.cx"":1037,""okdiario.com"":1006}",2019_09_uae_082019_tweets_domains.csv,{},2019_09_uae_082019_tweets_countries.csv,"{""ar"":801901,""en"":225229,""und"":69193,""es"":44237,""fr"":34404,""fa"":31199,""tr"":24926,""ru"":21911,""it"":15829,""iw"":15006,""pt"":10931,""in"":5427,""ko"":5368,""zh"":4690,""ja"":3082,""de"":2042,""tl"":1624,""ca"":712,""et"":652,""ht"":328,""nl"":280,""hi"":277,""uk"":276,""no"":233,""ro"":199,""ur"":191,""cy"":173,""pl"":167,""da"":161,""sv"":148,""fi"":146,""bg"":132,""eu"":121,""hu"":88,""lv"":87,""cs"":84,""lt"":65,""vi"":61,""sl"":51,""is"":34,""sr"":21,""id"":20,""th"":18,""el"":10,""sd"":9,""sk"":8,""ckb"":3,""ps"":1,""bn"":1,""si"":1,""am"":1}",2019_09_uae_082019_tweets_languages.csv,2011-07-23 03:21,2019-05-26 16:15,818543613
saudi_arabia_112019_users_csv_hashed.csv,5929,"{""en"":3358,""ar"":2396,""ru"":49,""tr"":40,""es"":22,""en-gb"":19,""pt"":17,""ja"":13,""en-GB"":6,""fr"":4,""nl"":2,""id"":1,""it"":1,""ko"":1}",2019_12_saudi_arabia_112019_users_account_languages.csv,42498435.0,15427461.0,1510726,26/01/2020,2019_12,Saudi Arabia,,,,,,saudi_arabia_112019_tweets_csv_hashed.csv,1238846.0,9852604.0,30858418.0,40471241.0,32054257,"{""\u0627\u0644\u0647\u0644\u0627\u0644"":192405,""\u0627\u0644\u0646\u0635\u0631"":133308,""\u0627\u0644\u0633\u0639\u0648\u062f\u064a\u0629"":129710,""\u0627\u0644\u0631\u064a\u0627\u0636"":127405,""\ufdfa"":79328,""Quran"":67112,""\u0627\u0644\u0627\u0647\u0644\u064a"":57574,""\u0635\u0628\u0627\u062d_\u0627\u0644\u062e\u064a\u0631"":48156,""\u062a\u0633\u062f\u064a\u062f_\u0642\u0631\u0648\u0636"":44536,""\u0642\u0631\u0648\u0628_\u0642\u0628\u064a\u0644\u0647_\u062d\u0631\u0628"":42552,""Hadith"":41524,""\u0631\u062a\u0648\u064a\u062a"":41302,""\u0642\u0637\u0631"":39704,""\u063a\u0631\u062f_\u0628\u0630\u0643\u0631_\u0627\u0644\u0644\u0647"":36382,""\u062f\u0639\u0627\u0621"":36325,""\u0627\u0644\u0643\u0648\u064a\u062a"":36316,""\u0627\u0644\u0623\u0647\u0644\u064a"":35821,""\u0639\u0627\u062c\u0644"":35324,""\u0631\u0645\u0636\u0627\u0646"":34784,""\u064a\u0648\u0645_\u0627\u0644\u062c\u0645\u0639\u0647"":34657,""\u0627\u0644\u0627\u062a\u062d\u0627\u062f"":33557,""\u0648\u062d\u064a_\u0627\u0644\u062e\u064a\u0627\u0644"":33096,""\u0646\u0648\u0631\u0647"":31812,""\u062c\u062f\u0629"":30743,""\u0642\u0631\u0648\u0628_\u0633\u0644\u0637\u0627\u0646_\u0644\u0644\u0627\u0636\u0627\u0641\u0627\u062a"":28705}",2019_12_saudi_arabia_112019_tweets_hashtags.csv,"{""du3a.org"":2380981,""alathkar.org"":458027,""athkarapp.online"":413216,""quran.to"":388542,""twitter.com"":346902,""d3waapp.org"":176451,""mansour.ws"":142402,""youtu.be"":103229,""qurani.tv"":96827,""bit.ly"":61834,""ln.is"":60445,""youtube.com"":56735,""zad-muslim.com"":55104,""goo.gl"":53229,""knzmuslim.com"":53137,""instagram.com"":50373,""7asnh.com"":48823,""snapchat.com"":45426,""8uran.online"":43217,""ask.fm"":37165,""ksu.edu.sa"":32431,""7asnat.com"":30868,""knz.tv"":24373,""i-qra.com"":22331,""gharedly.com"":21858}",2019_12_saudi_arabia_112019_tweets_domains.csv,{},2019_12_saudi_arabia_112019_tweets_countries.csv,"{""ar"":28807380,""und"":1360515,""en"":461253,""ru"":174006,""ja"":77791,""pt"":39749,""tr"":31085,""fa"":27894,""in"":18638,""es"":13535,""ur"":12080,""ko"":11218,""de"":6524,""fr"":5013,""it"":4930,""tl"":4798,""uk"":3280,""vi"":3141,""ht"":2925,""bg"":2676,""fi"":2293,""eu"":2279,""nl"":2235,""et"":2232,""ca"":2140,""pl"":1655,""hi"":1425,""id"":1371,""sk"":1132,""sv"":1000,""cy"":801,""da"":775,""sl"":711,""sd"":636,""lt"":630,""ro"":617,""no"":590,""zh"":569,""cs"":562,""hu"":481,""is"":440,""ckb"":400,""lv"":345,""th"":223,""ta"":208,""sr"":188,""hr"":169,""ps"":151,""el"":147,""ka"":73,""bs"":70,""iw"":69,""ug"":64,""bo"":40,""hy"":28,""iu"":21,""bn"":20,""kn"":9,""ne"":9,""chr"":5,""he"":5,""sn"":4,""or"":4,""mr"":4,""am"":4,""lo"":2,""pa"":2,""si"":2,""dv"":1}",2019_12_saudi_arabia_112019_tweets_languages.csv,2007-05-25 03:26,2019-10-30 13:56,20483998292